JobTitles,Skills,Links
WordPress Development Intern,WordPress,https://internshala.com/internship/detail/wordpress-development-internship-in-faridabad-at-bauer-bodoni1711712202
WordPress Development Intern,"MS-PowerPoint , WordPress",https://internshala.com/internship/detail/wordpress-development-internship-in-faridabad-at-bauer-bodoni1711712308
ERPNext And HRMS Admin Intern,"Accounting , Enterprise Resource Planning(ERP) , HR Analytics",https://internshala.com/internship/detail/erpnext-and-hrms-admin-internship-in-delhi-at-essi-integrated-technologies1711702313
Website Operation Intern,"JavaScript , WordPress",https://internshala.com/internship/detail/website-operation-internship-in-delhi-at-growify-digital1711691949
Influencer Marketing Data Analytics Intern,"Digital Advertising , English Proficiency (Spoken) , MS-Excel , Power BI , Python , Social Media Marketing",https://internshala.com/internship/detail/influencer-marketing-data-analytics-internship-in-bangalore-at-confluencr1711690594
Website Development And Design Intern,"Certificate ,  Letter of recommendation ,  Informal dress code ,  Free snacks & beverages",https://internshala.com/internship/detail/website-development-and-design-internship-in-kolkata-at-slaughter-fox1711625855
Web Marketing Intern,"Digital Marketing , Facebook Marketing , Instagram Marketing , Search Engine Optimization (SEO) , Social Media Marketing",https://internshala.com/internship/detail/web-marketing-internship-in-navi-mumbai-at-money-making-trading-courses1711607103
Blockchain Development Intern (Remote),"Blockchain , Rust",https://internshala.com/internship/detail/work-from-home-blockchain-development-internship-at-quadb-tech1711691446
Flutter Development Intern (Remote),"Android , Dart , Firebase , Flutter , Java , MySQL , REST API",https://internshala.com/internship/detail/work-from-home-flutter-development-internship-at-seequenze-technologies1711700433
Angular.js Development Intern (Remote),"Angular 7.0 , AngularJS , CSS , Git , GitHub , HTML , JavaScript , Redux , SCSS",https://internshala.com/internship/detail/work-from-home-angularjs-development-internship-at-heliverse1711692394
No Code Development Intern,"Certificate ,  Letter of recommendation ,  Flexible work hours ,  Informal dress code ,  5 days a week ,  Free snacks & beverages ,  Job offer",https://internshala.com/internship/detail/no-code-development-internship-in-agra-at-secnic-consultancy-services-private-limited1711455405
PHP Development Intern,"AJAX , CodeIgniter , HTML , JavaScript , jQuery , LARAVEL , MySQL , PHP , Yii",https://internshala.com/internship/detail/php-development-internship-in-multiple-locations-at-fyntune-solution-private-limited1711520175
Administration Intern,"British English , Data Analytics , Data Science , Data Structures , Email Marketing , English Proficiency (Spoken) , English Proficiency (Written) , MS-Excel , MS-Office , MS-PowerPoint , MS-Word , Power BI , Python",https://internshala.com/internship/detail/administration-internship-in-multiple-locations-at-dough-one-sources-private-limited1711524382
Python Development Intern,Python,https://internshala.com/internship/detail/python-development-internship-in-cochin-at-aester-india-private-limited1711514964
Robotics Trainer And Content Developer Intern,"Arduino , Autodesk Fusion 360 , Blender 3D , C++ Programming , Circuit Design , CNC Programming , Embedded Systems , Python , Raspberry Pi , Robotics , Unity 3D",https://internshala.com/internship/detail/robotics-trainer-and-content-developer-internship-in-bangalore-at-yolabs1711602829
Angular.js Development Intern,"Angular 2.0 , Angular 7.0 , AngularJS , CSS , HTML , JavaScript , Node.js",https://internshala.com/internship/detail/angularjs-development-internship-in-pune-at-varahi-technology-private-limited1711460472
Data Analytics Intern,"Data Analysis , Data Analytics , Google Analytics , Google Workspace , MS-Excel , Power BI , SQL",https://internshala.com/internship/detail/data-analytics-internship-in-hyderabad-at-the-affordable-organic-store1711717456
WordPress Development Intern (Part time/Remote),"CSS , HTML , JavaScript , PHP , WordPress",https://internshala.com/internship/detail/work-from-home-part-time-wordpress-development-internship-at-wapventure1711708312
WordPress Development Intern (Remote),"Certificate ,  Letter of recommendation ,  Flexible work hours",https://internshala.com/internship/detail/work-from-home-wordpress-development-internship-at-visionary-it-solutions-llp1711711438
WordPress Development Intern,WordPress,https://internshala.com/internship/detail/wordpress-development-internship-in-mumbai-at-pepper-money1711711423
Data Analytics Intern (Part time),"Data Analytics , MS-Excel , Power BI , Tableau",https://internshala.com/internship/detail/part-time-data-analytics-internship-in-madurai-at-aurolab1711711342
Web Development Intern (Part time),"Bootstrap , CSS , HTML , JavaScript , jQuery , MySQL , Node.js , PHP",https://internshala.com/internship/detail/part-time-web-development-internship-in-varanasi-at-tapaswini-solutions-opc-pvt-ltd1711709772
Backend Development Intern,"Amazon Web Server (AWS) , Hadoop , MySQL , Python",https://internshala.com/internship/detail/backend-development-internship-in-bangalore-at-hitech-design1711710149
Flutter Development Intern (Remote),"Android , Cloud Firestore , Dart , Firebase , Flutter , iOS , REST API",https://internshala.com/internship/detail/work-from-home-flutter-development-internship-at-next-level-private-limited1711702289
Front End Development Intern,"CSS , HTML , HTML&CSS , JavaScript",https://internshala.com/internship/detail/front-end-development-internship-in-jaipur-at-sandeep-sirodia1711708128
Full Stack Development Intern (Remote),"Next.js , Search Engine Optimization (SEO)",https://internshala.com/internship/detail/work-from-home-full-stack-development-internship-at-mahavir-jain-academy1711700308
WordPress Development Intern (Remote),"Digital Marketing , Search Engine Optimization (SEO) , WordPress",https://internshala.com/internship/detail/work-from-home-wordpress-development-internship-at-adzpixels1711707288
Artificial Intelligence (AI) Intern (Remote),"Data Science , Data Structures , Deep Learning , Machine Learning , Natural Language Processing (NLP) , Neural Networks , Python",https://internshala.com/internship/detail/work-from-home-artificial-intelligence-ai-internship-at-shubh-international1711706205
Web Development Intern (Part time/Remote),"Bootstrap , CSS , HTML , JavaScript , jQuery , MySQL , Node.js , PHP , ReactJS , WordPress",https://internshala.com/internship/detail/work-from-home-part-time-web-development-internship-at-shubh-international1711706193
Machine Learning Intern (Part time/Remote),".NET , Data Analytics , Data Science , Deep Learning , Machine Learning , Natural Language Processing (NLP) , Python , R Programming",https://internshala.com/internship/detail/work-from-home-part-time-machine-learning-internship-at-shubh-international1711706093
Blockchain Development Intern (Remote),"Blockchain , C++ Programming , Ethereum , Hyperledger , Java , JavaScript , Node.js , Python , ReactJS",https://internshala.com/internship/detail/work-from-home-blockchain-development-internship-at-shubh-international1711706033
Blockchain Development Intern (Remote),"Blockchain , C++ Programming , Ethereum , Hyperledger , Java , JavaScript , Node.js , Python , ReactJS",https://internshala.com/internship/detail/work-from-home-blockchain-development-internship-at-avaari1711705529
Machine Learning Intern (Remote),"Data Analytics , Data Science , Deep Learning , Machine Learning , Natural Language Processing (NLP) , Python , R Programming",https://internshala.com/internship/detail/work-from-home-machine-learning-internship-at-avaari1711705519
Artificial Intelligence (AI) Intern (Remote),"Data Science , Data Structures , Python",https://internshala.com/internship/detail/work-from-home-artificial-intelligence-ai-internship-at-avaari1711705427
Web Development Intern (Remote),"Bootstrap , CSS , HTML , JavaScript , jQuery , MySQL , Node.js , PHP , ReactJS , WordPress",https://internshala.com/internship/detail/work-from-home-web-development-internship-at-avaari1711705394
Full Stack Development Intern (Part time/Remote),"MySQL , Python",https://internshala.com/internship/detail/work-from-home-part-time-full-stack-development-internship-at-ramprotocol1711705428
Frontend Development + Technical Content Writing Intern (Remote),"JavaScript , Node.js , React , TypeScript",https://internshala.com/internship/detail/work-from-home-frontend-development-technical-content-writing-internship-at-middleware1711703476
Reactjs Development Intern (Part time/Remote),"Figma , GitHub , HTML , JavaScript , ReactJS",https://internshala.com/internship/detail/work-from-home-part-time-reactjs-development-internship-at-across-the-globe-atg1711702875
React Native App Developer Intern (Remote),React Native,https://internshala.com/internship/detail/work-from-home-react-native-app-developer-internship-at-solera-life-science-private-limited1711701078
Flutter Development Intern (Remote),"Dart , Flutter , REST API , SQL",https://internshala.com/internship/detail/work-from-home-flutter-development-internship-at-saffronstays1711700783
Web Development Intern,"Amazon Web Server (AWS) , Bootstrap , HTML , JavaScript , MySQL , PHP , WordPress",https://internshala.com/internship/detail/web-development-internship-in-pune-at-touchwood-automations1711700061
Full Stack Development Intern (Remote),"AngularJS , CSS , Express.js , HTML , JavaScript , MongoDB , MySQL , Node.js , PHP , Python , ReactJS",https://internshala.com/internship/detail/work-from-home-full-stack-development-internship-at-jythu-enterprises1711699897
Full Stack Development Intern,"CSS , HTML , JavaScript , ReactJS",https://internshala.com/internship/detail/full-stack-development-internship-in-bangalore-at-xto10x-technologies1711698849
React Native Development Intern (Remote),React Native,https://internshala.com/internship/detail/work-from-home-react-native-development-internship-at-offiql-technologies-private-limited1711696879
Full Stack Development Intern (Part time/Remote),"Certificate ,  Letter of recommendation ,  Flexible work hours ,  5 days a week",https://internshala.com/internship/detail/work-from-home-part-time-full-stack-development-internship-at-aakash-malik1711695610
Business Analytics Intern (Part time/Remote),"Certificate ,  Letter of recommendation ,  Flexible work hours",https://internshala.com/internship/detail/work-from-home-part-time-business-analytics-internship-at-ozibook-tech-solutions-private-limited1711695512
Web Development Intern (Remote),"CSS , Design Thinking , HTML , JavaScript , SCSS , Search Engine Optimization (SEO) , web3.js , Webflow , WordPress",https://internshala.com/internship/detail/work-from-home-web-development-internship-at-heliverse1711695329
Business Analytics Intern,"Certificate ,  Letter of recommendation ,  Flexible work hours ,  Informal dress code ,  5 days a week",https://internshala.com/internship/detail/business-analytics-internship-in-delhi-at-aksum-trademart-private-limited1711694389
PHP Development Intern,"AJAX , CodeIgniter , CSS , HTML , JavaScript , jQuery , LARAVEL , MySQL , PHP",https://internshala.com/internship/detail/php-development-internship-in-noida-at-webinfoplace1711686546
Full Stack Development Intern (Remote),"Amazon Web Server (AWS) , CSS , Express.js , HTML , JavaScript , MongoDB , Node.js , ReactJS",https://internshala.com/internship/detail/work-from-home-full-stack-development-internship-at-heliverse1711693525
Full Stack Development Intern (Remote),"Elasticsearch , JavaScript , Node.js , PostgreSQL , ReactJS",https://internshala.com/internship/detail/work-from-home-full-stack-development-internship-at-linsible-technologies-private-limited1711692702
Data Science Intern (Part time/Remote),"Data Analytics , Data Science , Deep Learning , Machine Learning , Natural Language Processing (NLP) , Python , SQL",https://internshala.com/internship/detail/work-from-home-part-time-data-science-internship-at-jivichem-synthesis-private-limited1711691558
Reactjs Development Intern (Remote),"CSS , HTML , JavaScript , jQuery , ReactJS",https://internshala.com/internship/detail/work-from-home-reactjs-development-internship-at-quadb-tech1711691482
Content Writing Intern (Part time/Remote),"Blogging , English Proficiency (Written) , Machine Learning , Software Testing",https://internshala.com/internship/detail/work-from-home-part-time-content-writing-internship-at-cgi1711690150
Web Development Intern (Remote),"CSS , HTML , JavaScript",https://internshala.com/internship/detail/work-from-home-web-development-internship-at-infinity-magazine1711689097
Business Analytics Intern,"Data Analytics , English Proficiency (Spoken) , English Proficiency (Written) , MS-Excel , MS-Office , Python , Research and Analytics , SQL",https://internshala.com/internship/detail/business-analytics-internship-in-multiple-locations-at-dough-one-sources-private-limited1711687225
Business Analytics (Marketing) Intern (Part time),"Business Analysis , Business Research",https://internshala.com/internship/detail/part-time-business-analytics-marketing-internship-in-nagpur-at-think-of-it-foundation1711686145
Business Analytics (Technical) Intern (Part time/Remote),"Business Analysis , Business Research",https://internshala.com/internship/detail/work-from-home-part-time-business-analytics-technical-internship-at-think-of-it-foundation1711686094
Reactjs Development Intern,"HTML , JavaScript , MEAN/MERN Stack , Node.js , React , ReactJS , React Native , Redux , REST API",https://internshala.com/internship/detail/reactjs-development-internship-in-mumbai-at-neel-networks1711686043
React Native Development (MacOS) Intern (Part time/Remote),"CSS , HTML , JavaScript , React Native",https://internshala.com/internship/detail/work-from-home-part-time-react-native-development-macos-internship-at-across-the-globe-atg1711685803
Artificial Intelligence And Machine Learning - Content Writing Volunteer Intern (Part time/Remote),"Certificate ,  Flexible work hours",https://internshala.com/internship/detail/work-from-home-part-time-artificial-intelligence-and-machine-learning-content-writing-volunteer-internship-at-earth5r1711684154
Web Development Intern (Part time/Remote),"Blogging , Creative Writing , English Proficiency (Spoken) , English Proficiency (Written)",https://internshala.com/internship/detail/work-from-home-part-time-web-development-internship-at-eduminatti1711682405
NextJS Intern (Part time/Remote),"Bootstrap , CSS , HTML , Next.js",https://internshala.com/internship/detail/work-from-home-part-time-nextjs-internship-at-across-the-globe-atg1711681499
Web Development Intern (Remote),"CMS , CSS , GitHub , HTML , JavaScript , PHP , Webflow , WordPress",https://internshala.com/internship/detail/work-from-home-web-development-internship-at-codalin1711641932
Full Stack Development Intern,"ASP.NET , Bootstrap , C# , CSS , HTML , JavaScript , MS SQL Server",https://internshala.com/internship/detail/full-stack-development-internship-in-chennai-at-tavago-tech-private-limited1711632136
Data Science Intern (Remote),"Data Analytics , Data Science , Deep Learning , Elasticsearch , Machine Learning , MongoDB , Natural Language Processing (NLP) , Power BI , Python , SQL",https://internshala.com/internship/detail/work-from-home-data-science-internship-at-blackcoffer1711633469
Machine Learning Intern,"Computer Vision , Machine Learning , Python",https://internshala.com/internship/detail/machine-learning-internship-in-delhi-at-karma-ecotech-private-limited1711632663
Generative AI Machine Learning Intern,Python,https://internshala.com/internship/detail/generative-ai-machine-learning-internship-in-multiple-locations-at-arakooai1711625427
MERN Intern (Remote),MongoDB,https://internshala.com/internship/detail/work-from-home-mern-internship-at-patilkaki1711631886
Figma Designer Intern (Remote),"Certificate ,  Letter of recommendation ,  Flexible work hours ,  5 days a week",https://internshala.com/internship/detail/work-from-home-figma-designer-internship-at-agrichikitsa1711631851
Backend Development Intern,"AngularJS , MongoDB , Node.js , REST API , SQL",https://internshala.com/internship/detail/backend-development-internship-in-mumbai-at-branding-catalyst1711631104
Web Development Intern,"Bootstrap , CSS , Google Analytics , HTML , JavaScript , MySQL , Node.js , PHP , ReactJS , Search Engine Optimization (SEO) , WordPress",https://internshala.com/internship/detail/web-development-internship-in-jaipur-at-webnicon-it-services1711630447
WordPress Development Intern (Remote),"Digital Marketing , Google Analytics , HTML&CSS , JavaScript , Responsive Design , Search Engine Optimization (SEO)",https://internshala.com/internship/detail/work-from-home-wordpress-development-internship-at-harsheen-kaur1711629879
Full Stack Development Intern (Remote),"AngularJS , CSS , HTML , JavaScript , MongoDB , MySQL , Node.js , PHP , Python , ReactJS",https://internshala.com/internship/detail/work-from-home-full-stack-development-internship-at-idea-usher1711628929
Web Development Intern,"CSS , HTML , Internet of Things (IoT) , JavaScript , MongoDB , MySQL , Node.js , ReactJS",https://internshala.com/internship/detail/web-development-internship-in-pune-at-innover-labs1711628588
React Native Developement Intern,React Native,https://internshala.com/internship/detail/react-native-developement-internship-in-noida-at-psymate1711627176
Dashboard Developer Intern (Part time),"Advanced Excel , Power BI , Tableau",https://internshala.com/internship/detail/part-time-dashboard-developer-internship-in-madurai-at-vivek-anand-saravanan1711627092
Python Development Intern (Part time),"Data Analysis , Data Science , MySQL , Python , REST API",https://internshala.com/internship/detail/part-time-python-development-internship-in-multiple-locations-at-nioclass1711624469
WordPress Development Intern (Remote),"CSS , HTML , JavaScript , PHP , WordPress",https://internshala.com/internship/detail/work-from-home-wordpress-development-internship-at-simple-minds1711623929
React Js Intern,"HTML , JavaScript , Node.js , ReactJS , Redux , REST API",https://internshala.com/internship/detail/react-js-internship-in-multiple-locations-at-peerxp-technologies1711622289
Python Development Intern (Remote),"Amazon Web Server (AWS) , Cloud Firestore , Firebase , Jenkins , Python , REST API",https://internshala.com/internship/detail/work-from-home-python-development-internship-at-jhalak-x-corp1711621879
Website Development Intern,"Effective Communication , HTML&CSS , Java",https://internshala.com/internship/detail/website-development-internship-in-mumbai-at-daxy-private-limited1711621203
Business Analytics Assistant (BAA) Intern (Part time/Remote),"Certificate ,  Letter of recommendation ,  Flexible work hours",https://internshala.com/internship/detail/work-from-home-part-time-business-analytics-assistant-baa-internship-at-ozibook-tech-solutions-private-limited1711620753
Flutter Development Intern,"Dart , Flutter , REST API",https://internshala.com/internship/detail/flutter-development-internship-in-bhubaneswar-at-syflex-technosolution-private-limited1711619191
Backend Development Intern (Remote),"APIs , Dart , JSON , MySQL , PHP , REST API",https://internshala.com/internship/detail/work-from-home-backend-development-internship-at-visanka-technologies1711619006
WordPress Development Intern (Remote),"CSS , HTML , JavaScript , PHP , WordPress",https://internshala.com/internship/detail/work-from-home-wordpress-development-internship-at-digital-marcom1711615236
Backend Development Intern,"Next.js , Node.js , PostgreSQL",https://internshala.com/internship/detail/backend-development-internship-in-bangalore-at-one-root1711614359
Web Development Intern (Remote),"Bootstrap , CSS , HTML , JavaScript , MySQL , PHP , ReactJS , WordPress",https://internshala.com/internship/detail/work-from-home-web-development-internship-at-simplify-solutions1711613065
Web Development Intern (Remote),"Certificate ,  Letter of recommendation ,  Flexible work hours ,  5 days a week",https://internshala.com/internship/detail/work-from-home-web-development-internship-at-duetohq1711612885
Python Development Intern (Remote),Python,https://internshala.com/internship/detail/work-from-home-python-development-internship-at-venden-inc1711612375
Java Development Intern (Remote),Java,https://internshala.com/internship/detail/work-from-home-java-development-internship-at-venden-inc1711612334
Full Stack Development Intern (Remote),"Django , Flask , HTML&CSS , Java , Python , REST API",https://internshala.com/internship/detail/work-from-home-full-stack-development-internship-at-astute-lex-servicado-private-limited1711608834
Asp.net Development Intern,".NET , ASP.NET , C# , C#.NET , Model View Controller(MVC) , MS SQL Server",https://internshala.com/internship/detail/aspnet-development-internship-in-mumbai-at-quantasis-private-limited1711607447
Artificial Intelligence (AI) Intern (Remote),"Data Science , Python , ReactJS",https://internshala.com/internship/detail/work-from-home-artificial-intelligence-ai-internship-at-4heals1711607321
"Backend Developer - Python, Django Rest Framework, MS Azure, AI, Prompt Engineering Intern (Remote)","Amazon Web Server (AWS) , Data Structures , Python",https://internshala.com/internship/detail/work-from-home-backend-developer-python-django-rest-framework-ms-azure-ai-prompt-engineering-internship-at-advantf-group-co1711605054
Web Development Intern,"CSS , HTML , MySQL , WordPress",https://internshala.com/internship/detail/web-development-internship-in-delhi-at-donation-box1711604842
Artificial Intelligence (AI) Intern (Remote),"Data Science , Data Structures , Deep Learning , Machine Learning , Natural Language Processing (NLP) , Neural Networks , Python",https://internshala.com/internship/detail/work-from-home-artificial-intelligence-ai-internship-at-codezero2pi-solution-opc-private-limited1711599157
Software Development Intern,"C++ Programming , HTML , Java , JavaScript , Machine Learning , Natural Language Processing (NLP) , Node.js , Python",https://internshala.com/internship/detail/software-development-internship-in-bangalore-at-ipexcel-services-private-limited1711599123
WordPress Development Intern (Remote),"PHP , WordPress",https://internshala.com/internship/detail/work-from-home-wordpress-development-internship-at-brihat-infotech-private-limited1711598665
Backend Development Intern (Remote),Certificate,https://internshala.com/internship/detail/work-from-home-backend-development-internship-at-eg-allied-private-limited1711596167
Flutter Development Intern (Remote),"Android , Cloud Firestore , Dart , Data Structures , Firebase , Firebase Cloud Messaging , Flutter , iOS , REST API",https://internshala.com/internship/detail/work-from-home-flutter-development-internship-at-go-eleventh-mile-technologies-private-limited1711558182
WordPress Development Intern (Part time/Remote),"CSS , HTML , JavaScript , PHP , Search Engine Optimization (SEO) , WordPress",https://internshala.com/internship/detail/work-from-home-part-time-wordpress-development-internship-at-triluxo-technologies-private-limited1711564449
Web Development Intern (Part time/Remote),"Bootstrap , CSS , HTML , JavaScript , jQuery , MySQL , Node.js , PHP , ReactJS , WordPress",https://internshala.com/internship/detail/work-from-home-part-time-web-development-internship-at-jivichem-synthesis-private-limited1711554391
Machine Learning Intern (Part time/Remote),"Data Analytics , Data Science , Deep Learning , Machine Learning , Natural Language Processing (NLP) , Python , R Programming",https://internshala.com/internship/detail/work-from-home-part-time-machine-learning-internship-at-jivichem-synthesis-private-limited1711554376
Web Development Intern,"Bootstrap , CSS , HTML , JavaScript , jQuery , MySQL , PHP , WordPress",https://internshala.com/internship/detail/web-development-internship-in-ahmedabad-at-ranogic-it-solutions1711544094
Artificial Intelligence (AI) Intern,"Artificial Intelligence , Data Science , Data Structures , Deep Learning , Machine Learning , Natural Language Processing (NLP) , Neural Networks , Python",https://internshala.com/internship/detail/artificial-intelligence-ai-internship-in-agra-at-secnic-consultancy-services-private-limited1711549396
Web Development Intern,"HTML , WordPress",https://internshala.com/internship/detail/web-development-internship-in-mumbai-at-dolphin-ad-world-private-limited1711541490
Information Technology Intern,"Certificate ,  Flexible work hours ,  Informal dress code ,  Free snacks & beverages",https://internshala.com/internship/detail/information-technology-internship-in-bangalore-at-cleartax1711540215
Database Management Intern,"Data Analysis , Database Testing",https://internshala.com/internship/detail/database-management-internship-in-mumbai-at-talent-corner-hr-services1711539971
Full Stack Development Intern (Remote),"Bootstrap , FastAPI , Next.js , PostgreSQL , Python , React , TypeScript",https://internshala.com/internship/detail/work-from-home-full-stack-development-internship-at-datstek1711532561
Web Development Intern,Amazon Web Server (AWS),https://internshala.com/internship/detail/web-development-internship-in-mumbai-at-talent-corner-hr-services1711538714
Data Analyst Intern Intern,"Data Analysis , Data Analytics",https://internshala.com/internship/detail/data-analyst-intern-internship-in-mumbai-at-talent-corner-hr-services1711538384
Data Science Intern (Part time/Remote),"Data Analytics , Data Science , Python , SQL",https://internshala.com/internship/detail/work-from-home-part-time-data-science-internship-at-mentorboxx1711537659
Business Analytics Intern (Part time),"Data Analytics , English Proficiency (Spoken) , English Proficiency (Written) , MS-Excel , MS-Office",https://internshala.com/internship/detail/part-time-business-analytics-internship-in-multiple-locations-at-mentorboxx1711537648
Web Development Intern (Part time),"Bootstrap , CSS , HTML , JavaScript , jQuery , MySQL , Node.js , PHP , ReactJS , WordPress",https://internshala.com/internship/detail/part-time-web-development-internship-in-multiple-locations-at-avaari1711537397
Artificial Intelligence (AI) Intern (Part time),"Deep Learning , Machine Learning , Natural Language Processing (NLP) , Python",https://internshala.com/internship/detail/part-time-artificial-intelligence-ai-internship-in-multiple-locations-at-avaari1711537350
Machine Learning Intern (Part time),"Data Analytics , Data Science , Deep Learning , Machine Learning , Natural Language Processing (NLP) , Python , R Programming",https://internshala.com/internship/detail/part-time-machine-learning-internship-in-multiple-locations-at-avaari1711537255
Blockchain Development Intern (Part time),"Blockchain , C++ Programming , Ethereum , Hyperledger , Java , JavaScript , Node.js , Python , ReactJS",https://internshala.com/internship/detail/part-time-blockchain-development-internship-in-multiple-locations-at-avaari1711537234
Business Apprenticeship Intern,"Business Analysis , Effective Communication , MS-Excel",https://internshala.com/internship/detail/business-apprenticeship-internship-in-gurgaon-at-internshala1711537041
Flutter Development Intern (Remote),"Android , Cloud Firestore , Dart , Firebase , Flutter , iOS , REST API",https://internshala.com/internship/detail/work-from-home-flutter-development-internship-at-coding-junior1711536791
PHP Development Intern (Remote),"Bootstrap , CodeIgniter , CSS , Figma , HTML , JavaScript , jQuery , LARAVEL , MySQL , Node.js , PHP , REST API",https://internshala.com/internship/detail/work-from-home-php-development-internship-at-coding-junior1711536393
Mobile App Developer - FlutterFlow Intern (Part time/Remote),"Certificate ,  Letter of recommendation ,  Flexible work hours ,  5 days a week",https://internshala.com/internship/detail/work-from-home-part-time-mobile-app-developer-flutterflow-internship-at-nimetler-technologies-private-limited1711534842
Backend Development Intern,"Django , Express.js , HTML , Java , MongoDB , MySQL , Node.js , PHP , Python , REST API",https://internshala.com/internship/detail/backend-development-internship-in-agra-at-secnic-consultancy-services-private-limited1711534806
Backend Development Intern (Remote),"Amazon Web Server (AWS) , Node.js , NoSQL , PostgreSQL , REST API , SQL",https://internshala.com/internship/detail/work-from-home-backend-development-internship-at-alemeno1711534564
Technical Assistant Intern (Part time/Remote),"Certificate ,  Letter of recommendation ,  Flexible work hours",https://internshala.com/internship/detail/work-from-home-part-time-technical-assistant-internship-at-ozibook-tech-solutions-private-limited1711532095
Full Stack Development Intern,"MongoDB , ReactJS",https://internshala.com/internship/detail/full-stack-development-internship-in-hyderabad-at-xtraliving-private-limited1711530492
Data Analytics Intern (Part time/Remote),"Certificate ,  Letter of recommendation ,  Flexible work hours",https://internshala.com/internship/detail/work-from-home-part-time-data-analytics-internship-at-ozibook-tech-solutions-private-limited1711528658
Backend Support Intern,"HTML&CSS , JavaScript , PHP",https://internshala.com/internship/detail/backend-support-internship-in-mysuru-at-highway-delite1711528378
Shopify Website Design And Development Intern,"Data Analysis , English Proficiency (Spoken) , English Proficiency (Written) , Financial literacy , MS-Excel , MS-Office",https://internshala.com/internship/detail/shopify-website-design-and-development-internship-in-multiple-locations-at-cgb-india1711527294
Aviation Data Analytics Intern,"MongoDB , Next.js , Node.js , React , React Native",https://internshala.com/internship/detail/aviation-data-analytics-internship-in-hyderabad-at-ziegler-aerospace1711525913
Reactjs Development Intern (Remote),"Amazon Web Server (AWS) , Express.js , Node.js , REST API",https://internshala.com/internship/detail/work-from-home-reactjs-development-internship-at-swiftix1711524970
Node.js Development Intern (Remote),"Digital Marketing , Market Analysis , Marketing",https://internshala.com/internship/detail/work-from-home-nodejs-development-internship-at-webknot-technologies-private-limited1711523037
Marketing Analytics Intern,"Node.js , ReactJS",https://internshala.com/internship/detail/marketing-analytics-internship-in-mumbai-at-talent-corner-hr-services1711521394
Full Stack Development Intern (Remote),"Certificate ,  Informal dress code",https://internshala.com/internship/detail/work-from-home-full-stack-development-internship-at-highway-delite1711516087
Data Analytics Intern,"Advanced Excel , Business Analysis , Data Analysis , Data Analytics , Tableau",https://internshala.com/internship/detail/data-analytics-internship-in-mohali-at-group-futurista1711515766
Tableau Development Intern (Remote),"Data Analysis , Internet of Things (IoT) , Machine Learning , Report Writing",https://internshala.com/internship/detail/work-from-home-tableau-development-internship-at-smollan-india-private-limited1711515657
Entrepreneurship Intern,"Certificate ,  Flexible work hours",https://internshala.com/internship/detail/entrepreneurship-internship-in-mumbai-at-faclon1711515063
Web Development Intern (Remote),"HTML , PHP , WordPress",https://internshala.com/internship/detail/work-from-home-web-development-internship-at-starshield-technologies-private-limited1711497319
Web Development Intern,"Flask , Python",https://internshala.com/internship/detail/web-development-internship-in-gurgaon-at-monkoodog1711477540
Python Development Intern,"Android , Dart , Firebase , Flutter , iOS , REST API , UI & UX Design",https://internshala.com/internship/detail/python-development-internship-in-kota-at-digikagaz-technovation-private-limited1711471176
Flutter Development Intern,"Android , Cloud Firestore , Dart , Firebase , Flutter , REST API",https://internshala.com/internship/detail/flutter-development-internship-in-mumbai-at-kotharitech1711463494
Flutter Development Intern,"Data Science , MS-Excel , Python , R Programming , Statistical Modeling , Statistics",https://internshala.com/internship/detail/flutter-development-internship-in-ahmedabad-at-feeltech-solutions-private-limited1711457632
Statistics Intern (Remote),"HTML , JavaScript , Node.js , ReactJS , React Native , REST API",https://internshala.com/internship/detail/work-from-home-statistics-internship-at-gsnr-associates1711464594
Reactjs Development Intern,WordPress,https://internshala.com/internship/detail/reactjs-development-internship-in-pune-at-varahi-technology-private-limited1711460322
WordPress Development Intern,"Artificial Intelligence , Computer Vision , Deep Learning , Machine Learning , Natural Language Processing (NLP) , Python",https://internshala.com/internship/detail/wordpress-development-internship-in-multiple-locations-at-maajtek-pvt-ltd1711460109
Data Science Intern,"CSS , HTML , WordPress",https://internshala.com/internship/detail/data-science-internship-in-pune-at-varahi-technology-private-limited1711458674
WordPress Development Intern (Part time/Remote),"MS-Excel , Python , SQL",https://internshala.com/internship/detail/work-from-home-part-time-wordpress-development-internship-at-steen-enterprise1711458073
Data Research - Intern Intern,Linux,https://internshala.com/internship/detail/data-research-intern-internship-in-gurgaon-at-careers3601711455721
DevOps Intern,WordPress,https://internshala.com/internship/detail/devops-internship-in-mumbai-at-binary-numbers1711455397
WordPress Development Intern (Part time),WordPress,https://internshala.com/internship/detail/part-time-wordpress-development-internship-in-mumbai-at-zuci-education-and-development-zed-foundation1711452627
Web Development Intern (Part time),"MS-Excel , Power BI , Tableau",https://internshala.com/internship/detail/part-time-web-development-internship-in-ghaziabad-at-firosha1711452149
Data Visualization Intern Intern,"Data Structures , Linux , Problem Solving , Python",https://internshala.com/internship/detail/data-visualization-intern-internship-in-mumbai-at-talent-corner-hr-services1711452057
Backend Development Intern,"Django , HTML&CSS , JavaScript , Python",https://internshala.com/internship/detail/backend-development-internship-in-noida-at-ensenar-technologies-private-limited1711451791
Python And Django Development Intern (Remote),"AngularJS , CSS , HTML , JavaScript , MongoDB , Node.js , PHP , ReactJS",https://internshala.com/internship/detail/work-from-home-python-and-django-development-internship-at-orglens-consultancy-private-limited1711451732
Full Stack Development Intern,"Flutter , REST API",https://internshala.com/internship/detail/full-stack-development-internship-in-noida-at-ventureshelp1711443277
Flutter Development Intern,"HTML&CSS , JavaScript , Node.js , ReactJS",https://internshala.com/internship/detail/flutter-development-internship-in-multiple-locations-at-atzos-ventures-private-limited1711450370
Full Stack Development Intern (Remote),"Certificate ,  Letter of recommendation ,  Flexible work hours ,  5 days a week",https://internshala.com/internship/detail/work-from-home-full-stack-development-internship-at-spendwise1711448922
Web Development Intern (Part time/Remote),"CSS , HTML , jQuery , MySQL , WordPress",https://internshala.com/internship/detail/work-from-home-part-time-web-development-internship-at-keyroottech1711447681
Web Development Intern,"CSS , HTML , HTML&CSS , WordPress",https://internshala.com/internship/detail/web-development-internship-in-ahmedabad-at-hikbe-media-group1711438422
WordPress Development Intern,"Bootstrap , CSS , HTML&CSS , Java , Tailwind CSS , VS Code , web3.js , WordPress",https://internshala.com/internship/detail/wordpress-development-internship-in-delhi-at-stirring-minds1711444503
Shopify Developer Intern (Remote),"Certificate ,  Letter of recommendation ,  Flexible work hours ,  Job offer",https://internshala.com/internship/detail/work-from-home-shopify-developer-internship-at-the-learn-cloud1711441505
Web Development Intern (Part time/Remote),"Android , Cloud Firestore , Dart , Firebase , Flutter , iOS , REST API",https://internshala.com/internship/detail/work-from-home-part-time-web-development-internship-at-auriv-learning1711438046
Flutter Development Intern (Remote),"Adobe XD , Figma , HTML , Search Engine Optimization (SEO) , Tamil Proficiency (Spoken) , WordPress",https://internshala.com/internship/detail/work-from-home-flutter-development-internship-at-quantum-it1711430222
WordPress Development - Elementor Intern (Part time),"Bioinformatics , Content Writing , Data Science , Molecular Biology Techniques , Report Writing",https://internshala.com/internship/detail/part-time-wordpress-development-elementor-internship-in-chennai-at-rgb-designers1711437037
Scientific Research Writing-Biotech/Life Science with Artificial Intelligence Intern,"HTML&CSS , JavaScript",https://internshala.com/internship/detail/scientific-research-writing-biotech-life-science-with-artificial-intelligence-internship-in-gurgaon-at-limerine-software-private-limited1711435011
Three.js Developer Intern (Remote),"MongoDB , Next.js , Node.js , Redux , Tailwind CSS",https://internshala.com/internship/detail/work-from-home-threejs-development-internship-at-connex-india1711433650
Full Stack Development Intern (Remote),"CSS , HTML , JavaScript , Node.js , ReactJS , Redux , REST API",https://internshala.com/internship/detail/work-from-home-full-stack-development-internship-at-brihat-infotech-private-limited1711432669
Front End Development Intern (Remote),"Adobe After Effects , Animation , CSS , Display Advertising , Figma , HTML , Research and Analytics , User Interface (UI) Development , Wireframing",https://internshala.com/internship/detail/work-from-home-front-end-development-internship-at-hiqsense-smart-systems-ltd1711431714
WordPress Development Intern (Remote),"English Proficiency (Spoken) , English Proficiency (Written) , MS-Excel , MS-PowerPoint",https://internshala.com/internship/detail/work-from-home-wordpress-development-internship-at-kotton-king1711430690
Business Analytics Intern,"JavaScript , MEAN/MERN Stack , Tailwind CSS",https://internshala.com/internship/detail/business-analytics-internship-in-bangalore-at-velozity-global-solutions1711428538
Front End Development Intern (Remote),"Malayalam Proficiency (Spoken) , Malayalam Proficiency (Written)",https://internshala.com/internship/detail/work-from-home-front-end-development-internship-at-craftindika-retail-private-limited1711428372
Data Generation (Malayalam) Intern (Part time/Remote),"English Proficiency (Spoken) , English Proficiency (Written) , MS-Excel , Research and Analytics",https://internshala.com/internship/detail/work-from-home-part-time-data-generation-malayalam-internship-at-indika-ai-private-limited1711428067
Academic Research (Learning Sciences) Intern (Part time),"Django , Flask , HTML&CSS , Python , REST API , Software Testing",https://internshala.com/internship/detail/part-time-academic-research-learning-sciences-internship-in-chennai-at-aman-jain1711427233
Django Development Intern,"Deep Learning , Machine Learning , Natural Language Processing (NLP) , Python",https://internshala.com/internship/detail/django-development-internship-in-bangalore-at-webknot-technologies-private-limited1711427048
Artificial Intelligence (AI) Intern (Remote),"HTML&CSS , JavaScript , Next.js , ReactJS , Redux , REST API",https://internshala.com/internship/detail/work-from-home-artificial-intelligence-ai-internship-at-ai-lab-solutions1711426682
Reactjs Development Intern,"CSS , HTML , JavaScript , Node.js",https://internshala.com/internship/detail/reactjs-development-internship-in-bangalore-at-webknot-technologies-private-limited1711382965
Web Development Intern,"CSS , HTML , JavaScript , MongoDB , Node.js , ReactJS",https://internshala.com/internship/detail/web-development-internship-in-bangalore-at-velozity-global-solutions1711374496
Full Stack Development Intern,"Android , Flutter , iOS",https://internshala.com/internship/detail/full-stack-development-internship-in-bangalore-at-velozity-global-solutions1711374333
Flutter Development Intern,"CSS , HTML , JavaScript , MySQL , PHP , WordPress",https://internshala.com/internship/detail/flutter-development-internship-in-thrissur-at-velvetek-systems1711364542
Web Development Intern,"Bootstrap , CSS , Git , React , Redux , Tailwind CSS",https://internshala.com/internship/detail/web-development-internship-in-thrissur-at-velvetek-systems1711364102
React Native Development - Remote/WFH Intern (Remote),"HTML , JavaScript , MongoDB , Node.js , React , ReactJS , React Native , Redux , REST API",https://internshala.com/internship/detail/work-from-home-react-native-development-remote-wfh-internship-at-quarterstack-technologies-private-limited1711369569
Reactjs Development Intern (Part time/Remote),"Bootstrap , CSS , English Proficiency (Spoken) , English Proficiency (Written) , HTML , JavaScript , MySQL , ReactJS , WordPress",https://internshala.com/internship/detail/work-from-home-part-time-reactjs-development-internship-at-stakesmen1711368494
Web Development Intern (Part time/Remote),"Hibernate (Java) , J2EE , Java , JSP , MySQL , Spring MVC",https://internshala.com/internship/detail/work-from-home-part-time-web-development-internship-at-aadi-foundation1711350468
Java Development Intern (Remote),"CSS , Drupal , HTML , JavaScript , MySQL , PHP , WordPress",https://internshala.com/internship/detail/work-from-home-java-development-internship-at-aadi-foundation1711350194
WordPress Development Intern,"Amazon Web Server (AWS) , HTML , Node.js , React",https://internshala.com/internship/detail/wordpress-development-internship-in-bangalore-at-techenhance1711303294
Web Development Intern (Remote),"Angular 7.0 , Bootstrap , CSS , Dart , Flutter , HTML , JavaScript , Node.js , React",https://internshala.com/internship/detail/work-from-home-web-development-internship-at-autofilljobs1711290226
Angular/React Development Intern (Remote),"Android , PHP , WordPress",https://internshala.com/internship/detail/work-from-home-angular-react-development-internship-at-nextedge-labs1711282311
Web Development Intern,"AJAX , JavaScript , jQuery , LARAVEL , MongoDB , MySQL , PHP , ReactJS , Vue Js",https://internshala.com/internship/detail/web-development-internship-in-delhi-at-star-production1711279481
PHP React Full Stack Development Intern (Remote),"Amazon Web Server (AWS) , Data Science , Data Structures , Deep Learning , English Proficiency (Written) , Machine Learning , Natural Language Processing (NLP) , Neural Networks , Python , Report Writing , Subject Matter Expert (SME) , UX Research",https://internshala.com/internship/detail/work-from-home-php-react-full-stack-development-internship-at-edzlearn-services-private-limited1711255657
Subject Matter Expert (SME) Intern (Part time/Remote),Node.js,https://internshala.com/internship/detail/work-from-home-part-time-subject-matter-expert-sme-internship-at-house-of-couton-private-limited1711226967
Node.js Development Intern (Part time/Remote),"Certificate ,  Letter of recommendation ,  Flexible work hours ,  5 days a week",https://internshala.com/internship/detail/work-from-home-part-time-nodejs-development-internship-at-rydeu-logistics-ug1711201889
Web Developer Intern (Part time/Remote),"Data Analytics , Data Science , Natural Language Processing (NLP) , Python",https://internshala.com/internship/detail/work-from-home-part-time-web-developer-internship-at-vikalp-india-private-limited1711192235
Data Science Intern,"Next.js , Node.js , PostgreSQL",https://internshala.com/internship/detail/data-science-internship-in-delhi-at-agentinsights1711190331
Full Stack Development Intern,"Google Analytics , Search Engine Optimization (SEO)",https://internshala.com/internship/detail/full-stack-development-internship-in-bangalore-at-legit-farms1711188133
Data Analytics Intern (Part time/Remote),"Bootstrap , HTML&CSS , JavaScript , PHP , User Interface (UI) Development",https://internshala.com/internship/detail/work-from-home-part-time-data-analytics-internship-at-westinbridge-consulting-private-limited1711185521
Web Development Intern (Remote),"HTML , LARAVEL , MySQL , PHP",https://internshala.com/internship/detail/work-from-home-web-development-internship-at-oyelabs1711181949
PHP Development Intern (Remote),WordPress,https://internshala.com/internship/detail/work-from-home-php-development-internship-at-oyelabs1711181892
WordPress Development Intern,"APIs , Dart , Flutter",https://internshala.com/internship/detail/wordpress-development-internship-in-kolkata-at-matrix-international1711175361
Flutter Front-End Developer Intern (Part time/Remote),"Angular 7.0 , Django",https://internshala.com/internship/detail/work-from-home-part-time-flutter-front-end-developer-internship-at-gedit1711168725
Web Development Intern (Part time/Remote),"CSS , HTML , JavaScript , MEAN/MERN Stack",https://internshala.com/internship/detail/work-from-home-part-time-web-development-internship-at-reach-technologies1711139252
Full Stack Development Intern (Part time/Remote),UI & UX Design,https://internshala.com/internship/detail/work-from-home-part-time-full-stack-development-internship-at-tutedude1711127969
WIX DESIGNER Intern (Remote),"Android , Cloud Firestore , Dart , Firebase , Flutter , iOS , React Native , REST API",https://internshala.com/internship/detail/work-from-home-wix-designer-internship-at-design-ladder1711114869
Flutter Development Intern (Remote),"Data Analytics , Data Science , Deep Learning , Machine Learning , Natural Language Processing (NLP) , Python , R Programming",https://internshala.com/internship/detail/work-from-home-flutter-development-internship-at-blackcoffer1711111206
Machine Learning Intern (Part time),"Blockchain , C++ Programming , Ethereum , Hyperledger , Java , JavaScript , Node.js , Python , ReactJS",https://internshala.com/internship/detail/part-time-machine-learning-internship-in-multiple-locations-at-buddha-education-association-incorporation1711110569
Blockchain Development Intern (Part time),"Data Science , Data Structures , Deep Learning , Machine Learning , Natural Language Processing (NLP) , Neural Networks , Python",https://internshala.com/internship/detail/part-time-blockchain-development-internship-in-multiple-locations-at-buddha-education-association-incorporation1711110454
Artificial Intelligence (AI) Intern (Part time),"Bootstrap , CSS , HTML , JavaScript , jQuery , MySQL , Node.js , PHP , ReactJS , WordPress",https://internshala.com/internship/detail/part-time-artificial-intelligence-ai-internship-in-multiple-locations-at-shubh-international1711110299
Web Development Intern,"Canva , Content Marketing , Instagram Marketing",https://internshala.com/internship/detail/web-development-internship-in-multiple-locations-at-shubh-international1711110226
Marketing Research Analytics Intern (Remote),"AJAX , CodeIgniter , HTML , JavaScript , jQuery , LARAVEL , MySQL , PHP",https://internshala.com/internship/detail/work-from-home-marketing-research-analytics-internship-at-cloutflow1711109546
PHP Development Intern,"Amazon Web Server (AWS) , AngularJS , Docker , HTML , JavaScript , Kubernetes , MongoDB , MySQL , Node.js , ReactJS , TypeScript , Webflow",https://internshala.com/internship/detail/php-development-internship-in-noida-at-247-around1711108965
Full Stack Development Intern (Remote),"Product Lifecycle Management(PLM) , Product Management , Product Strategy",https://internshala.com/internship/detail/work-from-home-full-stack-development-internship-at-creatiwise1711106765
Product Research Analytics Intern,"CSS , Django , Flask , HTML , Python , REST API",https://internshala.com/internship/detail/product-research-analytics-internship-in-mumbai-at-talent-corner-hr-services1711104752
Python Development Intern,Algorithms,https://internshala.com/internship/detail/python-development-internship-in-multiple-locations-at-asowin1711104297
Algorithm Development Intern (Part time/Remote),"Machine Learning , Natural Language Processing (NLP) , Python",https://internshala.com/internship/detail/work-from-home-part-time-algorithm-development-internship-at-reach-technologies1711104247
Large Language Model Engineering Intern,"HTML , JavaScript , Node.js , ReactJS , React Native , Redux , REST API , User Interface (UI) Development",https://internshala.com/internship/detail/large-language-model-engineering-internship-in-multiple-locations-at-agentinsights1711104022
Reactjs Development Intern,"AJAX , Apache , APIs , CSS , Database Management System (DBMS) , GitHub , HTML , JavaScript , LARAVEL , Model View Controller(MVC) , MySQL , PHP , REST API , WordPress",https://internshala.com/internship/detail/reactjs-development-internship-in-gurgaon-at-monkhub1711103454
Backend Development Intern,"English Proficiency (Spoken) , Hindi Proficiency (Spoken) , Sales pitch",https://internshala.com/internship/detail/backend-development-internship-in-thane-at-quantastic-marketing1711101395
Business Advisor Intern (Remote),"Advanced Excel , Canva , Content Writing , Digital Marketing , Project Management",https://internshala.com/internship/detail/work-from-home-business-advisor-internship-at-mind-matters-business-advisors1711098383
IT & Data Intern,"Algorithms , JavaScript , Node.js , Python , ReactJS",https://internshala.com/internship/detail/it-data-internship-in-noida-at-om-foundation1711097128
Full Stack Development Intern,"Amazon Web Services (AWS) , Hibernate (Java) , Java , Spring MVC , SQL",https://internshala.com/internship/detail/full-stack-development-internship-in-multiple-locations-at-agentinsights1711095869
Java Development Intern (Remote),"HTML&CSS , Search Engine Optimization (SEO) , UI & UX Design",https://internshala.com/internship/detail/work-from-home-java-development-internship-at-hypersrot-technologies-private-limited1711086834
Marketing Web Design Intern,"AngularJS , CSS , HTML , HTML&CSS , JavaScript , MongoDB , MySQL , Node.js , PHP , Python",https://internshala.com/internship/detail/marketing-web-design-internship-in-mumbai-at-talent-corner-hr-services1711086755
Web Development Project Lead Intern,"CSS , HTML , JavaScript , MySQL , PHP , WordPress",https://internshala.com/internship/detail/web-development-project-lead-internship-in-mumbai-at-chirag-gangwani1711086248
Web Development Intern,English Proficiency (Spoken),https://internshala.com/internship/detail/web-development-internship-in-gurgaon-at-quick-clean-private-limited1711085652
Web Development Intern,"CSS , HTML , JavaScript , ReactJS , React Native , Redux",https://internshala.com/internship/detail/web-development-internship-in-haldia-at-konebou-fashions-pvt-ltd1711082448
Front End Development Intern (Remote),"Allegro Software , Data Analytics , Database Testing , Data Science , GUI Testing , Machine Learning , Manual Testing , Microsoft PowerApps , MongoDB , MS-Office , Node.js , Power BI , Python , Research and Analytics , Software Testing , User Interface (UI) Development , Wireframing",https://internshala.com/internship/detail/work-from-home-front-end-development-internship-at-hypersrot-technologies-private-limited1711081694
Software Analysis Intern (Part time),"CSS , HTML , PHP , WordPress",https://internshala.com/internship/detail/part-time-software-analysis-internship-in-multiple-locations-at-dough-one-sources-private-limited1711081085
WordPress Development Intern,"Amazon Web Services (AWS) , AngularJS , Django , Flask , Google Cloud Computing , JavaScript , MongoDB , Node.js , PostgreSQL , Postman , Python",https://internshala.com/internship/detail/wordpress-development-internship-in-ahmedabad-at-mediaf51711038221
Python Full Stack Development Intern (Remote),"Certificate ,  Letter of recommendation ,  Informal dress code ,  Job offer",https://internshala.com/internship/detail/work-from-home-python-full-stack-development-internship-at-blackcoffer1711029457
Shopify Developer Intern,"Data Science , Deep Learning , Hadoop , Java , Linux , Machine Learning , Python , R Programming",https://internshala.com/internship/detail/shopify-developer-internship-in-delhi-at-anuj-ramatri1711027442
Computer Vision Intern (Remote),"Data Analytics , Deep Learning , Machine Learning , Python , R Programming , Statistics",https://internshala.com/internship/detail/work-from-home-computer-vision-internship-at-across-the-globe-atg1711022595
Deep Learning Intern (Part time/Remote),"Computer Vision , Deep Learning , Machine Learning , Natural Language Processing (NLP) , Neural Networks , Python",https://internshala.com/internship/detail/work-from-home-part-time-deep-learning-internship-at-across-the-globe-atg1711022563
Neural Networks Intern (Part time/Remote),"Dart , Flutter , REST API",https://internshala.com/internship/detail/work-from-home-part-time-neural-networks-internship-at-across-the-globe-atg1711022547
Flutter Development Intern (Remote),"Amazon Web Server (AWS) , Python",https://internshala.com/internship/detail/work-from-home-flutter-development-internship-at-idea-usher1711020066
Data Engineer Intern,"Django , Flask , Python , SQL",https://internshala.com/internship/detail/data-engineer-internship-in-bangalore-at-steeleye1711017290
Engineering Intern,"Algorithms , Computer Networking , Data Structures",https://internshala.com/internship/detail/engineering-internship-in-bangalore-at-blowhorn1711011824
Python-Trainer Intern,"CSS , HTML , PHP , UI & UX Design , WordPress",https://internshala.com/internship/detail/python-trainer-internship-in-multiple-locations-at-digital-vihaan-edtech-private-limited1711009410
Web Development Intern (Part time/Remote),"Bootstrap , HTML&CSS , JavaScript , MongoDB , Node.js , ReactJS",https://internshala.com/internship/detail/work-from-home-part-time-web-development-internship-at-f-grade-global-services-private-limited1711000875
Full Stack Development Intern,"CI/CD , DevOps , Kubernetes , Microsoft Azure , UI & UX Design",https://internshala.com/internship/detail/full-stack-development-internship-in-chennai-at-zustpe-payments-private-limited1711007904
Devops Engineer Intern (Part time/Remote),"Microsoft Azure , UI & UX Design",https://internshala.com/internship/detail/work-from-home-part-time-devops-engineer-internship-at-hazzten1711006595
Data Engineer- Microsoft Azure Intern (Part time/Remote),"Search Engine Optimization (SEO) , WordPress",https://internshala.com/internship/detail/work-from-home-part-time-data-engineer-microsoft-azure-internship-at-hazzten1711006365
WordPress Development Intern,"AJAX , APIs , Bootstrap , CodeIgniter , CSS , HTML , JavaScript , jQuery , LARAVEL , MySQL , PHP",https://internshala.com/internship/detail/wordpress-development-internship-in-delhi-at-tour-passion1711006219
PHP Development Intern,"HTML&CSS , JavaScript , Next.js , ReactJS , Tailwind CSS , TypeScript",https://internshala.com/internship/detail/php-development-internship-in-noida-at-stareye-media-entertainment-private-limited1711005768
Progressive Web Apps (PWA) Development Intern,Stock Trading,https://internshala.com/internship/detail/progressive-web-apps-pwa-development-internship-in-bangalore-at-digite-infotech-private-limited1711005665
Stock Market Analysis Intern (Remote),"LARAVEL , PHP",https://internshala.com/internship/detail/work-from-home-stock-market-analysis-internship-at-the-smart-trader1711003546
Laravel Website Development Intern (Remote),"CodeIgniter , CSS , HTML , JavaScript , LARAVEL , PHP",https://internshala.com/internship/detail/work-from-home-laravel-website-development-internship-at-braise-tech-solutions1711002535
PHP Development Intern,"C++ Programming , Machine Learning , Python",https://internshala.com/internship/detail/php-development-internship-in-bangalore-at-borderless-access1711002032
Deep Learning Intern (Remote),"Certificate ,  Flexible work hours",https://internshala.com/internship/detail/work-from-home-deep-learning-internship-at-quazaai1710996032
Online ICSE Computer Science Tutoring Intern (Part time/Remote),"CSS , HTML , JavaScript , jQuery , Node.js",https://internshala.com/internship/detail/work-from-home-part-time-online-icse-computer-science-tutoring-internship-at-narigiris-connect-to-universe-private-limited1710995757
Chrome Extension And NodeJS Development Intern (Part time/Remote),"Business Analysis , Business Research , Digital Marketing , Email Marketing , Social Media Marketing , User Interface (UI) Development , Windows Mobile Application Development",https://internshala.com/internship/detail/work-from-home-part-time-chrome-extension-and-nodejs-development-internship-at-across-the-globe-atg1710992373
Business Analysis (Technical) Intern (Part time/Remote),"Animation , APIs , Flutter , Kotlin",https://internshala.com/internship/detail/work-from-home-part-time-business-analysis-technical-internship-at-across-the-globe-atg1710991627
Angular.js Development Intern,"Data Analytics , Google Suite (G Suite) , Google Workspace , Power BI , Tableau",https://internshala.com/internship/detail/angularjs-development-internship-in-multiple-locations-at-itax-easy-private-limited1710937892
Data Analytics Intern (Part time),"CSS , Figma , Flutter , HTML , JavaScript , MySQL , Node.js , ReactJS",https://internshala.com/internship/detail/part-time-data-analytics-internship-in-delhi-at-bootstrap-digital-solutions1710937834
Full Stack Development Intern,"AJAX , HTML , JavaScript , jQuery , LARAVEL , MySQL , PHP",https://internshala.com/internship/detail/full-stack-development-internship-in-multiple-locations-at-eedee-creations-llp1710936164
PHP Development Intern,"Certificate ,  Letter of recommendation",https://internshala.com/internship/detail/php-development-internship-in-multiple-locations-at-bagmo-private-limited1710935120
Research Intern,"CSS , Figma , HTML , JavaScript , Webflow",https://internshala.com/internship/detail/research-internship-in-chandigarh-at-entrepreneurship-and-rural-development-centre1710934715
Web Development Intern,".NET , MongoDB , Next.js , React , UI & UX Design",https://internshala.com/internship/detail/web-development-internship-in-bangalore-at-go-alt-technologies-pvt-ltd-social-script1710926269
Web Development Intern (Part time/Remote),"English Proficiency (Written) , MS-Excel , MS-Office , Tally",https://internshala.com/internship/detail/work-from-home-part-time-web-development-internship-at-sstruence-innovations-pvt-ltd1710929718
MIS Intern,"Data Science , Deep Learning , Machine Learning , MS-PowerPoint , Python",https://internshala.com/internship/detail/mis-internship-in-gurgaon-at-dehaat1710923695
Curriculum Developer (AI/ML) Intern (Remote),"HTML , Java , MongoDB , Node.js , Python",https://internshala.com/internship/detail/work-from-home-curriculum-developer-ai-ml-internship-at-sustainable-living-lab-sl21710922913
Backend Development Intern,"Machine Learning , Natural Language Processing (NLP) , Python",https://internshala.com/internship/detail/backend-development-internship-in-mumbai-at-reflex-realty-llp1710917805
Machine Learning (OCR) Intern (Remote),"Android , Dart , Firebase , Flutter , iOS , REST API",https://internshala.com/internship/detail/work-from-home-machine-learning-ocr-internship-at-business-quant1710912967
Flutter Development Intern (Remote),"HTML&CSS , WordPress",https://internshala.com/internship/detail/work-from-home-flutter-development-internship-at-brihat-infotech-private-limited1710912196
WordPress Development Intern,"Arduino , C Programming",https://internshala.com/internship/detail/wordpress-development-internship-in-delhi-at-infidio1710909931
STEM Engineer Intern,"HTML&CSS , JavaScript , jQuery , MySQL",https://internshala.com/internship/detail/stem-engineer-internship-in-bangalore-at-stemx1710908881
WordPress Developer Intern (Remote),"Amazon Web Services (AWS) , Java , MongoDB , MySQL , Next.js , Node.js , Python , ReactJS , Stripe Payment API",https://internshala.com/internship/detail/work-from-home-wordpress-developer-internship-at-qriocity-ventures-private-limited1710908697
Full Stack Development Intern,"CSS , HTML , JavaScript , MEAN/MERN Stack , MongoDB , MySQL",https://internshala.com/internship/detail/full-stack-development-internship-in-hyderabad-at-crabroom-llc1710907444
Full Stack Development Intern (Part time/Remote),"Android , Dart , Figma , Firebase , Flutter , REST API , UI & UX Design , User Interface (UI) Development",https://internshala.com/internship/detail/work-from-home-part-time-full-stack-development-internship-at-oddmind-innovations1710849838
Flutter Development Intern (Part time),Python,https://internshala.com/internship/detail/part-time-flutter-development-internship-in-multiple-locations-at-epigle1710842003
Data Engineering Intern (Remote),"Hibernate (Java) , J2EE , Java , JSP , MySQL , Spring MVC",https://internshala.com/internship/detail/work-from-home-data-engineering-internship-at-taiy1710848557
Java Development Intern,"JavaScript , Rust",https://internshala.com/internship/detail/java-development-internship-in-delhi-at-monkhub1710847554
Rust And Webassembly Intern (Part time/Remote),"Bootstrap , CSS , HTML , JavaScript , Search Engine Marketing (SEM) , Search Engine Optimization (SEO) , Web Application Security , WordPress",https://internshala.com/internship/detail/work-from-home-part-time-rust-and-webassembly-internship-at-redcarpetup1710846067
Wordpress Plus Woocommerce Website Management Intern,"Django , GitHub , Linux , Python , REST API",https://internshala.com/internship/detail/wordpress-plus-woocommerce-website-management-internship-in-kolkata-at-singem-lifeskills-india-pvt-ltd1710845126
Web Development Intern,"Amazon Web Server (AWS) , Bootstrap , CSS , HTML , JavaScript , MongoDB , MySQL , Node.js , React , ReactJS",https://internshala.com/internship/detail/web-development-internship-in-mumbai-at-goyam-organic-private-limited1710844842
Backend & ML Development Intern,"CSS , HTML , WordPress",https://internshala.com/internship/detail/backend-ml-development-internship-in-chennai-at-cosgrid-systems-private-limited1710844708
Web Development Intern,"Algorithms , Content Marketing , Digital Marketing , Email Marketing , Google Analytics , HTML , Search Engine Marketing (SEM) , Search Engine Optimization (SEO) , WordPress",https://internshala.com/internship/detail/web-development-internship-in-kanpur-at-mintix-as1710844455
WordPress Development Intern,UI & UX Design,https://internshala.com/internship/detail/wordpress-development-internship-in-indore-at-jump-online-it-solutions1710836774
Web Development Intern,"Business Analysis , Business Research , Data Science",https://internshala.com/internship/detail/web-development-internship-in-delhi-at-hello-study-global1710841103
UI/UX Design (Wix) Intern (Remote),".NET , ASP.NET , Model View Controller(MVC) , MS SQL Server",https://internshala.com/internship/detail/work-from-home-ui-ux-design-wix-internship-at-spaces1710838672
Prompt Engineering Mentoring Intern,"C++ Programming , Data Structures , Java , MySQL , NoSQL , Problem Solving , Python",https://internshala.com/internship/details/prompt-engineering-mentoring-internship-in-hyderabad-at-future-skills1710835605
MVC Developer Intern,"HTML&CSS , JavaScript , PHP , WordPress",https://internshala.com/internship/details/mvc-developer-internship-in-delhi-at-iycworld-softinfrastructure-private-limited1710835188
Technical Analytics Intern,"Data Analytics , Digital Marketing , Email Marketing , English Proficiency (Spoken) , English Proficiency (Written) , Product Management , Research and Analytics",https://internshala.com/internship/details/technical-analytics-internship-in-jaipur-at-requin-solutions-private-limited1710835050
WordPress Development Intern,"Business Analysis , Computer Networking",https://internshala.com/internship/details/wordpress-development-internship-in-bangalore-at-filesure-india-private-limited1710834716
Product Analytics Intern,Data Science,https://internshala.com/internship/detail/product-analytics-internship-in-kolkata-at-abp-eventures-private-limited1710830858
Information Technology Intern,Data Science,https://internshala.com/internship/detail/information-technology-internship-in-mumbai-at-mahavir-home-stores1710829888
AI Science Intern,Rust,https://internshala.com/internship/detail/ai-science-internship-in-hyderabad-at-future-skills1710829224
Recruitment Data Science Intern,"Blender 3D , C# , JavaScript , Unity 3D , Unity Engine , Unreal Engine",https://internshala.com/internship/detail/recruitment-data-science-internship-in-hyderabad-at-future-skills1710829201
Rust Webassembly Development Intern (Remote),"HTML&CSS , PHP , WordPress",https://internshala.com/internship/detail/work-from-home-rust-webassembly-development-internship-at-arakooai1710829180
Unity 3D Game Development Intern,"CSS , HTML , JavaScript , PHP , Search Engine Optimization (SEO) , WordPress",https://internshala.com/internship/detail/unity-3d-game-development-internship-in-navi-mumbai-at-simonefx-reality-labs-private-limited1710827374
Website Design Intern,"HTML&CSS , JavaScript , PHP , WordPress",https://internshala.com/internship/detail/website-design-internship-in-amritsar-at-d-thrive1710826066
WordPress Website Development Intern,"Express.js , JavaScript , MySQL , Node.js",https://internshala.com/internship/detail/wordpress-website-development-internship-in-multiple-locations-at-voxelstudio-one-private-limited1710824583
WordPress Development Intern,"Certificate ,  Letter of recommendation ,  Flexible work hours",https://internshala.com/internship/detail/wordpress-development-internship-in-mumbai-at-filesure-india-private-limited1710824203
Node.js Development Intern,"CSS , HTML , WordPress",https://internshala.com/internship/detail/nodejs-development-internship-in-bangalore-at-impact-analytics1710823791
Wix Website Development Intern (Part time/Remote),"PROTOTYPING , Wireframing",https://internshala.com/internship/detail/work-from-home-part-time-wix-website-development-internship-at-ozibook-tech-solutions-private-limited1710822937
Website Designing Intern (Part time/Remote),HTML,https://internshala.com/internship/detail/work-from-home-part-time-website-designing-internship-at-gema-education-technology-private-limited1710780343
Web Development Intern,"CodeIgniter , CSS , HTML , JavaScript , jQuery , LARAVEL , Model View Controller(MVC) , PHP , WordPress",https://internshala.com/internship/detail/web-development-internship-in-delhi-at-bathxpertz1710770157
WordPress Development Intern (Part time/Remote),"Java , MySQL , Spring MVC",https://internshala.com/internship/detail/work-from-home-part-time-wordpress-development-internship-at-swyftin1710768263
Web Development Intern,"C++ Programming , Effective Communication , Golang , Java , Node.js , Python , Rust",https://internshala.com/internship/detail/web-development-internship-in-delhi-at-webizona1710758753
Java Development Intern (Remote),"AJAX , CodeIgniter , HTML , JavaScript , jQuery , LARAVEL , MySQL , PHP , WordPress",https://internshala.com/internship/detail/work-from-home-java-development-internship-at-make-your-house-app1710765387
Technical Content Engineer (Coding) Intern,"C++ Programming , CSS , HTML , Java , JavaScript , SQL",https://internshala.com/internship/detail/technical-content-engineering-coding-internship-in-coimbatore-at-kalvium1710762357
PHP Development Intern (Remote),"Cloud Firestore , Google Cloud Computing , Node.js , REST API",https://internshala.com/internship/detail/work-from-home-php-development-internship-at-qaninjas1710760581
Web Development Intern (Part time),"PHP , WordPress",https://internshala.com/internship/detail/part-time-web-development-internship-in-multiple-locations-at-buddha-education-association-incorporation1710760548
Node.js Development Intern (Remote),"Canva , CSS , HTML , JavaScript , MySQL , PHP",https://internshala.com/internship/detail/work-from-home-nodejs-development-internship-at-myrikin1710760291
Web Development Intern (Remote),"Computer Vision , Data Science , Machine Learning , Natural Language Processing (NLP) , Neural Networks",https://internshala.com/internship/detail/work-from-home-web-development-internship-at-nikhil-sharma1710752913
Web Development Intern,"APIs , Data Structures , Django , Python , REST API , User Interface (UI) Development",https://internshala.com/internship/detail/web-development-internship-in-dehradun-at-omnisoft-consulting1710750696
AI/ML Engineer Intern,"CSS , HTML , JavaScript , PHP , WordPress",https://internshala.com/internship/detail/ai-ml-engineer-internship-in-delhi-at-isourse1710757555
Django Developer Intern,"CodeIgniter , HTML , JavaScript , MySQL , PHP , WordPress",https://internshala.com/internship/detail/django-developer-internship-in-delhi-at-ayurveda-house-private-limited1710756673
WordPress Development Intern (Remote),"Advanced Excel , Amazon Web Services (AWS) , Data Analytics , Django , Effective Communication , English Proficiency (Spoken) , English Proficiency (Written) , Microsoft Azure , Power BI , Python",https://internshala.com/internship/detail/work-from-home-wordpress-development-internship-at-blog-haveli1710756126
PHP Development Intern,"Android , Dart , Firebase , Flutter , GitHub , iOS , Postman",https://internshala.com/internship/detail/php-development-internship-in-mumbai-at-k2s2-digistrat-solutions-private-limited1710755406
Power BI Development Intern,"AJAX , Bootstrap , CSS , HTML , JavaScript , jQuery , MySQL , PHP",https://internshala.com/internship/detail/power-bi-development-internship-in-multiple-locations-at-bluetide-solutions-private-limited1710753974
Flutter Development Intern,"Dart , Firebase , Flutter , REST API",https://internshala.com/internship/detail/flutter-development-internship-in-delhi-at-nexgen-innovators-it-services-private-limited1710753700
PHP Development Intern,"Firebase , Flutter , JavaScript",https://internshala.com/internship/detail/php-development-internship-in-kolkata-at-webfeed1710752127
Flutter Development Intern (Remote),"Certificate ,  Letter of recommendation ,  Flexible work hours",https://internshala.com/internship/detail/work-from-home-flutter-development-internship-at-myrikin1710750730
Web Development Intern (Remote),Next.js,https://internshala.com/internship/detail/work-from-home-web-development-internship-at-bcc-legal-services-private-limited1710750578
Website Designing Intern (Part time/Remote),Next.js,https://internshala.com/internship/detail/work-from-home-part-time-website-designing-internship-at-kshitiksha-foundation1710750270
Next.js Front End Development Intern (Remote),".NET , CSS , Django , HTML , Java , Python , Telugu Proficiency (Spoken)",https://internshala.com/internship/detail/work-from-home-nextjs-front-end-development-internship-at-go-india-stocks1710748889
NEXT.Js Development Intern,"Amazon Web Services (AWS) , Data Science , Microsoft Azure , Python",https://internshala.com/internship/detail/nextjs-development-internship-in-delhi-at-ayurveda-house-private-limited1710747603
Python Development Intern,"Bootstrap , CSS , HTML , JavaScript , jQuery , MySQL , Node.js , PHP , ReactJS , React Native",https://internshala.com/internship/detail/work-from-home-python-development-internship-at-corpitsoft1710745293
Junior Cloud Engineering (Microsoft Azure/AWS) Intern (Remote),MEAN/MERN Stack,https://internshala.com/internship/detail/work-from-home-junior-cloud-engineering-microsoft-azure-aws-internship-at-softsensorai1710745132
Web Development Intern (Remote),"Algorithms , Data Analytics , Deep Learning , Problem Solving , Research and Analytics , Statistical Modeling",https://internshala.com/internship/detail/work-from-home-web-development-internship-at-arachnomesh-technologies-private-limited1710742634
Web Dev Community Management Intern (Remote),"Amazon Web Services (AWS) , AngularJS , Data Structures , DevOps , Express.js , HTML&CSS , JavaScript , MEAN/MERN Stack , MongoDB , Node.js , React , ReactJS",https://internshala.com/internship/detail/work-from-home-web-dev-community-management-internship-at-tutedude1710741895
Climate Data Analytics Intern,"Data Structures , Deep Learning , Machine Learning , Python",https://internshala.com/internship/detail/climate-data-analytics-internship-in-chennai-at-energy-alternatives-india1710741641
Full Stack Web Development And Mentoring Intern (Remote),"CSS , Django , HTML , Machine Learning , Python , REST API",https://internshala.com/internship/detail/work-from-home-full-stack-web-development-and-mentoring-internship-at-devtown1710739877
Machine Learning Intern (Part time/Remote),"Advanced Excel , Data Analytics , Data Science , MS-Excel , SQL",https://internshala.com/internship/detail/work-from-home-part-time-machine-learning-internship-at-aeonaxy-technologies-private-limited1710739557
Python Development Intern (Part time/Remote),"Android , C Programming , DigitalOcean , Java , Machine Learning , Python",https://internshala.com/internship/detail/work-from-home-part-time-python-development-internship-at-aeonaxy-technologies-private-limited1710739408
Data Analytics Intern,"Amazon Web Services (AWS) , AngularJS , Hibernate (Java) , Node.js , Python , ReactJS , Spring MVC",https://internshala.com/internship/detail/data-analytics-internship-in-indore-at-sparsh-magic-llp1710736533
Tutorial Creation (How To Tutorials For Software Engineers) Intern (Remote),"Python , SQL",https://internshala.com/internship/detail/work-from-home-tutorial-creation-how-to-tutorials-for-software-engineers-internship-at-professional-cipher1710736201
Full Stack Development Intern,"Computer Vision , Data Science , Data Structures , Deep Learning , Django , Flask , Machine Learning , Natural Language Processing (NLP) , Python , SQL",https://internshala.com/internship/detail/full-stack-development-internship-in-mumbai-at-go-digital-technology-consulting1710734511
Big Data Intern,"MEAN/MERN Stack , MySQL , Node.js , ReactJS",https://internshala.com/internship/detail/big-data-internship-in-mumbai-at-go-digital-technology-consulting1710734495
Data Science (Mentor And Development) Intern (Part time/Remote),"Data Science , Machine Learning , Python",https://internshala.com/internship/detail/work-from-home-part-time-data-science-mentor-and-development-internship-at-devtown1710679067
Full Stack Development (Mern Stack) Intern (Remote),"Dart , Firebase , Flutter",https://internshala.com/internship/detail/work-from-home-full-stack-development-mern-stack-internship-at-flexiele-consulting-services-private-limited1710667472
Content Writing (Artificial Intelligence) Intern (Remote),"Bootstrap , CSS , HTML , JavaScript , MySQL , PHP , WordPress",https://internshala.com/internship/detail/work-from-home-content-writing-artificial-intelligence-internship-at-favtutor1710649825
Flutter Development Intern (Remote),"CSS , HTML , JavaScript , MongoDB , Node.js , ReactJS",https://internshala.com/internship/detail/work-from-home-flutter-development-internship-at-celebrare1710647045
Web Development Intern (Part time/Remote),"Certificate ,  Letter of recommendation ,  Flexible work hours",https://internshala.com/internship/detail/work-from-home-part-time-web-development-internship-at-aeonaxy-technologies-private-limited1710591864
Full Stack Development Intern (Part time/Remote),"Certificate ,  Letter of recommendation ,  Flexible work hours",https://internshala.com/internship/detail/work-from-home-part-time-full-stack-development-internship-at-aeonaxy-technologies-private-limited1710591825
Azure Security Engineer Intern (Part time/Remote),Webflow,https://internshala.com/internship/detail/work-from-home-part-time-azure-security-engineer-internship-at-hazzten1710589054
ASP.NET Core Web Developer Intern (Part time/Remote),"Certificate ,  Letter of recommendation ,  Flexible work hours",https://internshala.com/internship/detail/work-from-home-part-time-aspnet-core-web-developer-internship-at-hazzten1710588494
WordPress Developer Intern,"Certificate ,  Letter of recommendation ,  Flexible work hours",https://internshala.com/internship/detail/wordpress-developer-internship-in-mumbai-at-creatiwise1710588321
Azure Kubernetes Service (AKS) Engineer Intern (Part time/Remote),"AngularJS , APIs , CSS , Django , HTML , JavaScript , MongoDB , MySQL , Node.js , PHP , Python , ReactJS , REST API",https://internshala.com/internship/detail/work-from-home-part-time-azure-kubernetes-service-aks-engineer-internship-at-hazzten1710588227
Azure Monitor Deployment And Configuration Specialist Intern (Part time/Remote),"English Proficiency (Spoken) , English Proficiency (Written) , HTML&CSS , Java , JavaScript , Python",https://internshala.com/internship/detail/work-from-home-part-time-azure-monitor-deployment-and-configuration-specialist-internship-at-hazzten1710586229
Full Stack Development Intern,JavaScript,https://internshala.com/internship/detail/full-stack-development-internship-in-delhi-at-indika-ai-private-limited1710577743
Frontend Development Intern (Part time/Remote),"Computer Vision , Deep Learning , Django , Image Processing , Machine Learning",https://internshala.com/internship/detail/work-from-home-part-time-frontend-development-internship-at-techeir-konseptrix-analytics-private-limited1710577631
Backend Development Intern,"Algorithms , CSS , Data Structures , HTML , JavaScript",https://internshala.com/internship/detail/backend-development-internship-in-hyderabad-at-deepthought-edutech-ventures-private-limited1710574801
Computer Vision Intern,"HTML&CSS , Node.js , PHP , React , WordPress",https://internshala.com/internship/detail/computer-vision-internship-in-delhi-at-indika-ai-private-limited1710570297
JavaScript Development Intern (Part time/Remote),"CSS , HTML , MySQL , PHP , WordPress",https://internshala.com/internship/detail/work-from-home-part-time-javascript-development-internship-at-aeonaxy-technologies-private-limited1710565863
WordPress Development Intern (Part time/Remote),"Express.js , JavaScript , MongoDB , Node.js , PostgreSQL",https://internshala.com/internship/detail/work-from-home-part-time-wordpress-development-internship-at-aeonaxy-technologies-private-limited1710565580
PHP Development Intern (Part time/Remote),"Arduino , C Programming , Embedded Systems , Python , Robotics",https://internshala.com/internship/detail/work-from-home-part-time-php-development-internship-at-aeonaxy-technologies-private-limited1710565510
Node.js Backend Development Intern (Part time/Remote),"Data Analytics , Data Science , Effective Communication , English Proficiency (Spoken) , English Proficiency (Written) , MS-Excel , MS SQL Server , Power BI , Python , SQL , Tableau",https://internshala.com/internship/detail/work-from-home-part-time-nodejs-backend-development-internship-at-aeonaxy-technologies-private-limited1710565344
Robotics Intern (Part time),Data Analytics,https://internshala.com/internship/detail/part-time-robotics-internship-in-multiple-locations-at-whizjuniors1710563322
Data Analytics Intern,Data Science,https://internshala.com/internship/detail/data-analytics-internship-in-ahmedabad-at-techmicra1710561303
Data Analytics Mentoring Intern,"CSS , HTML , JavaScript",https://internshala.com/internship/detail/data-analytics-mentoring-internship-in-hyderabad-at-future-skills1710556604
Behavioral Data Science Mentoring Intern (Remote),"CSS , HTML , JavaScript",https://internshala.com/internship/detail/work-from-home-behavioral-data-science-mentoring-internship-at-future-skills1710556569
Web Development Mentoring Intern,JavaScript,https://internshala.com/internship/detail/web-development-mentoring-internship-in-hyderabad-at-future-skills1710556528
Frontend Development Mentoring Intern,JavaScript,https://internshala.com/internship/detail/frontend-development-mentoring-internship-in-hyderabad-at-future-skills1710556493
Backend Development Mentoring Intern,"HTML&CSS , JavaScript",https://internshala.com/internship/detail/backend-development-mentoring-internship-in-hyderabad-at-future-skills1710556475
Data Analysis Intern,"Android , Cloud Firestore , Dart , Firebase , Flutter , iOS , REST API",https://internshala.com/internship/detail/data-analysis-internship-in-hyderabad-at-deepthought-edutech-ventures-private-limited1710555818
Web Development Intern,"AJAX , Bootstrap , jQuery , MySQL , PHP , REST API",https://internshala.com/internship/detail/web-development-internship-in-hyderabad-at-deepthought-edutech-ventures-private-limited1710555785
Front End Development Intern,"Data Analytics , Data Science , Deep Learning , Machine Learning , Natural Language Processing (NLP) , Python , R Programming",https://internshala.com/internship/detail/front-end-development-internship-in-hyderabad-at-deepthought-edutech-ventures-private-limited1710555565
Business Analytics Intern,"Data Science , Data Structures , Python",https://internshala.com/internship/detail/business-analytics-internship-in-hyderabad-at-deepthought-edutech-ventures-private-limited1710555177
Flutter Development Intern,"Blockchain , C++ Programming , Ethereum , Hyperledger , Java , JavaScript , Node.js , Python , ReactJS",https://internshala.com/internship/detail/flutter-development-internship-in-hyderabad-at-tulasi-m1710532257
Web Development Intern (Remote),"C++ Programming , Java , JSON , Node.js , ReactJS , SQL , Webflow",https://internshala.com/internship/detail/work-from-home-web-development-internship-at-ccbul1710513954
Machine Learning Intern (Part time/Remote),"Express.js , Git , MEAN/MERN Stack , MongoDB , ReactJS , Redux , TypeScript",https://internshala.com/internship/detail/work-from-home-part-time-machine-learning-internship-at-buddha-education-association-incorporation1710511651
Artificial Intelligence (AI) Intern (Remote),"CSS , HTML , JavaScript , Node.js , ReactJS",https://internshala.com/internship/detail/work-from-home-artificial-intelligence-ai-internship-at-buddha-education-association-incorporation1710511635
Blockchain Development Intern (Remote),"Data Analytics , Machine Learning , Natural Language Processing (NLP) , Python",https://internshala.com/internship/detail/work-from-home-blockchain-development-internship-at-buddha-education-association-incorporation1710511518
Web Development Intern (Part time/Remote),"Image Processing , OpenCV , Python",https://internshala.com/internship/detail/work-from-home-part-time-web-development-internship-at-buddha-education-association-incorporation1710511486
Full Stack Development Intern (Remote),"Advanced Excel , Data Analytics , Data Science , Microsoft PowerApps , MS-Excel , Power BI , Python , SQL",https://internshala.com/internship/detail/work-from-home-full-stack-development-internship-at-dobby-ads1710508504
Web Development Intern (Part time/Remote),"Certificate ,  Flexible work hours ,  Informal dress code ,  5 days a week ,  Free snacks & beverages",https://internshala.com/internship/detail/work-from-home-part-time-web-development-internship-at-mentorboxx1710507634
Machine Learning Intern (Part time/Remote),HTML&CSS,https://internshala.com/internship/detail/work-from-home-part-time-machine-learning-internship-at-mentorboxx1710507552
Data Analytics And Labelling Intern (Part time/Remote),"Data Structures , Python",https://internshala.com/internship/detail/work-from-home-part-time-data-analytics-and-labelling-internship-at-augrade-private-limited1710506014
Business Analytics Intern,"Certificate ,  Letter of recommendation ,  Flexible work hours ,  5 days a week",https://internshala.com/internship/detail/business-analytics-internship-in-delhi-at-xe-looks-private-limited1710505551
Data Annotation Intern,"Animation , Content Marketing , Email Marketing , Video Editing",https://internshala.com/internship/detail/data-annotation-internship-in-mumbai-at-quidich-innovation-labs-private-limited1710504308
Frontend Applications Development Intern (Part time/Remote),"Certificate ,  Letter of recommendation ,  Flexible work hours ,  5 days a week",https://internshala.com/internship/detail/work-from-home-part-time-frontend-applications-development-internship-at-expertel-sa-proceedit1710504189
Backend Applications Development Intern (Part time/Remote),"Computer Networking , PROTOTYPING",https://internshala.com/internship/detail/work-from-home-part-time-backend-applications-development-internship-at-expertel-sa-proceedit1710503976
Robotic Process Automation Intern (Part time/Remote),"Data Science , Deep Learning , Flutter , Machine Learning , Natural Language Processing (NLP) , PostgreSQL , Python , REST API",https://internshala.com/internship/detail/work-from-home-part-time-robotic-process-automation-internship-at-expertel-sa-proceedit1710503909
Design & Branding Contents Intern (Part time/Remote),"AngularJS , Bootstrap , CSS , HTML , JavaScript , Node.js , ReactJS , REST API",https://internshala.com/internship/detail/work-from-home-part-time-design-branding-contents-internship-at-expertel-sa-proceedit1710503803
Business Process Automation Intern (Part time/Remote),"Android , Django , FastAPI , Flutter , Kotlin , Machine Learning , Next.js",https://internshala.com/internship/detail/work-from-home-part-time-business-process-automation-internship-at-expertel-sa-proceedit1710503792
"Big Data, IoT & Analytics Intern (Part time/Remote)","Business Analysis , Data Analysis , Effective Communication , Internet of Things (IoT) , Machine Learning , Problem Solving , Project Management",https://internshala.com/internship/detail/work-from-home-part-time-big-data-iot-analytics-internship-at-expertel-sa-proceedit1710503776
App Full-stack Development Intern (Part time/Remote),"DevOps , Docker , Kubernetes , Microsoft Azure , Python",https://internshala.com/internship/detail/work-from-home-part-time-app-full-stack-development-internship-at-expertel-sa-proceedit1710503697
Front End Development Intern,"CSS , Django , Flask , HTML , Machine Learning , Python , REST API",https://internshala.com/internship/detail/front-end-development-internship-in-multiple-locations-at-asowin1710503679
Software Development Intern,"Hibernate (Java) , J2EE , Java , JSP , MySQL , Spring MVC",https://internshala.com/internship/detail/software-development-internship-in-coimbatore-at-agriday1710503664
Business Analyst Intern (Remote),Advanced Excel,https://internshala.com/internship/detail/work-from-home-business-analyst-internship-at-resolute-ai-software-private-limited1710502378
Azure Devops Engineer Intern (Remote),"Certificate ,  Letter of recommendation",https://internshala.com/internship/detail/work-from-home-azure-devops-engineer-internship-at-aaptatt1710498948
Python Development Intern (Remote),"CSS , HTML , JavaScript",https://internshala.com/internship/detail/work-from-home-python-development-internship-at-aaptatt1710497371
Java Development Intern (Remote),"Android , Cloud Firestore , Dart , Firebase , Flutter , iOS , REST API",https://internshala.com/internship/detail/work-from-home-java-development-internship-at-aaptatt1710497288
Patent Research Intern,"Algorithms , Computer Vision , FastAPI , Machine Learning , Natural Language Processing (NLP) , Python",https://internshala.com/internship/detail/patent-research-internship-in-chandigarh-at-patentskart1710496704
Computer Science /IT Assignments/Data Analysis Intern (Part time/Remote),"Certificate ,  Flexible work hours ,  5 days a week",https://internshala.com/internship/detail/work-from-home-part-time-computer-science-it-assignments-data-analysis-internship-at-mymegaminds1710495352
PHP Development Intern,"JavaScript , MongoDB , Node.js , ReactJS",https://internshala.com/internship/detail/php-development-internship-in-jaipur-at-bdnt-labs-private-limited1710492662
Flutter Development Intern,"HTML , LARAVEL , MySQL , PHP , WordPress",https://internshala.com/internship/detail/flutter-development-internship-in-gurgaon-at-incube1710492565
Data Science And Machine Learning Engineer - Full Stack Development Intern,"Data Science , Django , Elasticsearch , FastAPI , Flask , Machine Learning , MongoDB , Power BI , Python , REST API , SQL",https://internshala.com/internship/detail/data-science-and-machine-learning-engineer-full-stack-development-internship-in-multiple-locations-at-settyl1710488552
Data Science Intern (Part time/Remote),"Advanced Excel , Data Analysis , Data Analytics , Financial literacy , Financial Modeling , SQL",https://internshala.com/internship/detail/work-from-home-part-time-data-science-internship-at-emoolar-technology-private-limited1710486708
Full Stack Development Intern,"Data Science , Deep Learning , Machine Learning , Natural Language Processing (NLP) , Neural Networks , Python",https://internshala.com/internship/detail/full-stack-development-internship-in-mohali-at-ocena-smart-solutions-opc-private-limited1710481263
Backend Development Intern (Remote),"Data Analytics , Machine Learning , Python",https://internshala.com/internship/detail/work-from-home-backend-development-internship-at-snetiara1710479682
Full Stack Data Engineering Intern (Remote),"Bootstrap , HTML&CSS , JavaScript , React , UI & UX Design",https://internshala.com/internship/detail/work-from-home-full-stack-data-engineering-internship-at-blackcoffer1710479624
Business Analytics Intern,"Bootstrap , HTML , JavaScript , MySQL , PHP , WordPress",https://internshala.com/internship/detail/business-analytics-internship-in-gurgaon-at-natwest-group1710479537
Artificial Intelligence (AI) Intern (Remote),"HTML&CSS , JavaScript , ReactJS , Tailwind CSS",https://internshala.com/internship/detail/work-from-home-artificial-intelligence-ai-internship-at-seequenze-technologies1710479369
Artificial Intelligence & Machine Learning Intern,"Android , AngularJS , CSS , Flutter , JavaScript , LARAVEL , MongoDB , PHP , ReactJS , WordPress",https://internshala.com/internship/detail/artificial-intelligence-machine-learning-internship-in-gurgaon-at-natwest-group1710478983
Front End Development Intern (Part time/Remote),"Algorithms , Financial Modeling , Python , Stock Trading",https://internshala.com/internship/detail/work-from-home-part-time-front-end-development-internship-at-aeonaxy-technologies-private-limited1710418283
Web Development Intern,WordPress,https://internshala.com/internship/detail/web-development-internship-in-multiple-locations-at-navkar-jewels1710413914
Tailwind CSS & ReactJs Development Intern (Part time/Remote),"Bootstrap , CSS , Firebase , JavaScript , ReactJS , Redux , REST API",https://internshala.com/internship/detail/work-from-home-part-time-tailwind-css-reactjs-development-internship-at-aeonaxy-technologies-private-limited1710403618
Full Stack Development Intern,"Next.js , ReactJS , REST API",https://internshala.com/internship/detail/full-stack-development-internship-in-bangalore-at-techmonkshub-technology-solutions1710395298
Quant Research Intern (Part time),"English Proficiency (Spoken) , English Proficiency (Written) , Search Engine Marketing (SEM) , WordPress",https://internshala.com/internship/detail/part-time-quant-research-internship-in-mumbai-at-newberry-group1710395041
Website Support Engineer Intern (Remote),"Bootstrap , CSS , HTML , MySQL , PHP",https://internshala.com/internship/detail/work-from-home-website-support-engineer-internship-at-zealousweb1710393446
Reactjs Development Intern (Remote),"APIs , Computer Vision , Deep Learning , Flask",https://internshala.com/internship/detail/work-from-home-reactjs-development-internship-at-resolute-ai-software-private-limited1710326785
Reactjs Development Intern (Part time/Remote),"CSS , English Proficiency (Spoken) , English Proficiency (Written) , HTML , WordPress",https://internshala.com/internship/detail/work-from-home-part-time-reactjs-development-internship-at-theportfolyo1710245019
Teaching (WordPress) Intern (Part time/Remote),"Certificate ,  Letter of recommendation ,  Flexible work hours ,  5 days a week",https://internshala.com/internship/detail/work-from-home-part-time-teaching-wordpress-internship-at-gema-education-technology-private-limited1710161918
Web Development Teaching Assistant Intern (Part time/Remote),"Data Analytics , Machine Learning , Python",https://internshala.com/internship/detail/work-from-home-part-time-web-development-teaching-assistant-internship-at-internshala-trainings1710156015
Python/Flask Development Intern (Remote),"Android , Dart , Flutter , Git",https://internshala.com/internship/detail/work-from-home-python-flask-development-internship-at-druidot-consulting-private-limited1710143793
WordPress Design Intern (Part time/Remote),"Data Science , Data Structures , Deep Learning , Machine Learning , Natural Language Processing (NLP) , Neural Networks , Python",https://internshala.com/internship/detail/work-from-home-part-time-wordpress-design-internship-at-honest-web-designs1710136868
Web Development Intern (Part time/Remote),"Android , PHP , WordPress",https://internshala.com/internship/detail/work-from-home-part-time-web-development-internship-at-emoolar-technology-private-limited1709985951
Python Development Intern,"MS-Excel , MS-Office , MS-PowerPoint",https://internshala.com/internship/detail/python-development-internship-in-bangalore-at-silfra-technologies1709980848
Flutter Development Intern,"JavaScript , MongoDB , MySQL , Node.js , ReactJS",https://internshala.com/internship/detail/flutter-development-internship-in-multiple-locations-at-silfra-technologies1709974424
Artificial Intelligence (AI) Intern,"CAD , Effective Communication",https://internshala.com/internship/detail/artificial-intelligence-ai-internship-in-mumbai-at-urban-nxt1709886019
Web Development Intern,"CSS , HTML , JavaScript , PHP , WordPress",https://internshala.com/internship/detail/web-development-internship-in-delhi-at-star-production1709831626
Tech Project Delivery Intern (Remote),"HTML , LARAVEL , MySQL , PHP",https://internshala.com/internship/detail/work-from-home-tech-project-delivery-internship-at-tech-for-social-good1709809088
JavaScript Development Intern,"APIs , Dart , Flutter",https://internshala.com/internship/detail/javascript-development-internship-in-noida-at-w3dev1709794895
Green Building Analyst Intern,Ethical Hacking,https://internshala.com/internship/detail/green-building-analyst-internship-in-pune-at-bee-incorporations1709712941
WordPress Development Intern,"Android , Flutter , iOS",https://internshala.com/internship/detail/wordpress-development-internship-in-bangalore-at-custom-elements-private-limited1709704680
PHP Development Intern,"Data Analytics , Data Science , Machine Learning , MS-Excel , Natural Language Processing (NLP) , Python , Research and Analytics , Statistics",https://internshala.com/internship/detail/php-development-internship-in-mumbai-at-nextgen-techno-ventures-private-limited1709653255
Flutter Development Intern,"HTML , ReactJS , Redux , Tailwind CSS",https://internshala.com/internship/detail/flutter-development-internship-in-mumbai-at-nextgen-techno-ventures-private-limited1709617103
Ethical Hacking Intern,"Express.js , HTML , JavaScript , MongoDB , MySQL , Node.js",https://internshala.com/internship/detail/ethical-hacking-internship-in-bhubaneswar-at-prime-infoserv-llp1709616424
Flutter Development Intern,"JavaScript , MongoDB , Node.js , ReactJS",https://internshala.com/internship/detail/flutter-development-internship-in-jaipur-at-mtoag-technology1709552240
Data Science - Statistics Intern (Remote),Ethical Hacking,https://internshala.com/internship/detail/work-from-home-data-science-statistics-internship-at-fittlyf1709547683
Reactjs Development Intern,"Figma , HTML&CSS , Tailwind CSS , TypeScript",https://internshala.com/internship/detail/reactjs-development-internship-in-mumbai-at-nextgen-techno-ventures-private-limited1709554672
Node.js Development Intern,"Angular 7.0 , CSS , GitHub , JavaScript , Node.js , ReactJS , REST API , UI & UX Design",https://internshala.com/internship/detail/nodejs-development-internship-in-mumbai-at-nextgen-techno-ventures-private-limited1709554501
Full Stack Development Intern (Remote),"JavaScript , React Native , REST API",https://internshala.com/internship/detail/work-from-home-full-stack-development-internship-at-kavya-r-g1709437962
Ethical Hacking Intern,"Business Analysis , Cloud Computing , Content Marketing , Content Writing , Digital Marketing , Email Marketing , Lead Generation , Machine Learning , Robotic Process Automation (RPA)",https://internshala.com/internship/detail/ethical-hacking-internship-in-delhi-at-prime-infoserv-llp1709368086
Front End Development Intern (Remote),"CSS , HTML , MongoDB , Node.js , React",https://internshala.com/internship/detail/work-from-home-front-end-development-internship-at-smollan-india-private-limited1709213840
Front End Development Intern,"HTML&CSS , JavaScript , UI & UX Design , WordPress",https://internshala.com/internship/detail/front-end-development-internship-in-chennai-at-cosgrid-systems-private-limited1709195650
React Native Development Intern (Remote),"Data Analysis , Data Science , Python , R Programming",https://internshala.com/internship/detail/work-from-home-react-native-development-internship-at-alemeno1709194941
Technical Lead Generation & Business Prospects (IT) Intern (Remote),"Deep Learning , Machine Learning , Natural Language Processing (NLP)",https://internshala.com/internship/detail/work-from-home-technical-lead-generation-business-prospects-it-internship-at-rpa-infotech-private-limited1709096229
Full Stack Development Intern (Remote),"MongoDB , Next.js , Node.js , ReactJS , TypeScript",https://internshala.com/internship/detail/work-from-home-full-stack-development-internship-at-advisoropedia1709039963
WordPress Development Intern (Remote),"CSS , Figma , Git , GitHub , HTML , JavaScript , jQuery , PHP , WordPress",https://internshala.com/internship/detail/work-from-home-wordpress-development-internship-at-deepvue-technologies1709018044
